{
  "HSK1": [
    {
      "id": 1,
      "title": "HSK1 manar.pdf",
      "content": "BQACAgQAAxkBAAIC0mgRZdK3WStyQitNm0mI4HVHv5oWAAIRGgACe6OJUAv7VG1PnWk1NgQ"
    }
  ],
  "HSK2": [
    {
      "id": 1,
      "title": "HSK2 Manar.pdf",
      "content": "BQACAgQAAxkBAAIC8WgRaEjPI4wUM9j3EsoDdeJA1kDeAAICGgACe6OJUGc2XiA-lf95NgQ"
    }
  ],
  "HSK3": [],
  "HSK4": [],
  "HSK5": [],
  "HSK6": [],
  "Quran": [
    {
      "id": 1,
      "title": "‎⁨القرآن_الكريم_اللغة_الصينية⁩.pdf",
      "content": "BQACAgQAAxkBAAICo2gRY3d-rPSuEYDM3yfA8elEIx48AAILHwACuG6JUOJrgBC6hkemNgQ"
    },
    {
      "id": 2,
      "title": "ماجد",
      "content": "هل"
    }
  ],
  "Dictionary": [],
  "Stories": [
    {
      "id": 1,
      "title": "ايوه",
      "content": "ايوه"
    }
  ],
  "GrammarLessons": [],
  "GrammarReview": [],
  "Dialogues": [],
  "Flashcards": [],
  "Quizzes": [
    {
      "id": 1,
      "title": "سوره الرحمان",
      "content": "رح اضف الرحمن"
    },
    {
      "id": 2,
      "title": "سوره الرحمن",
      "content": "سوره الرحمن"
    },
    {
      "id": 3,
      "title": " منار",
      "content": "منار"
    },
    {
      "id": 4,
      "title": "منار",
      "content": "منار"
    }
  ],
  "PictureDictionary": [],
  "GrammarTerms": [],
  "Proverbs": [
    {
      "id": 1,
      "title": ".",
      "content": "اضفها مشرفه"
    }
  ]
}